id,01,02,03,04,05,06,07,08,09,10,11,12,13,14,15,16,17,18,19,20,21,22,23,24,25,26,27,28,29,30,31,32,33,34,35,36,37,38,39,40,41,42,43,44,45,46
01,—,C1,C1,C1,C1,C1,C1,C2,C3,C2,C2,C2,C2,C4,C4,C5,C11,C6,C11,C11,C11,C11,C5,C5,C12,C19,C13,C13,C13,C6,C7,C8,C9,C10,C10,C10,C10,C1,C11,C16,C16,C17,?,C14,C15,C20
02,C1,—,C1,C1,C1,C1,C1,C2,C3,C2,C2,C2,C2,C4,C4,C5,C11,C6,C11,C11,C11,C11,C5,C5,C12,C19,C13,C13,C13,C6,C7,C8,C9,C10,C10,C10,C10,C1,C11,C16,C16,C17,C18,C14,C15,C20
03,C1,C1,—,C1,C1,C1,C1,O,C3,C2,C2,C2,C2,C4,C4,C5,C11,C6,C11,C11,C11,C11,C5,C5,C12,C19,C13,C13,C13,C6,C7,C8,C9,C10,C10,C10,?,C1,C11,C16,C16,C17,?,C14,C15,C20
04,C1,C1,C1,—,O,C1,C1,C2,C3,C2,C2,C2,C2,C4,C4,C5,C11,C6,C11,C11,C11,C11,C5,C5,C12,C19,C13,C13,C13,C6,C7,C8,C9,C10,C10,C10,?,C1,C11,C16,C16,C17,?,C14,C15,C20
05,C1,C1,C1,O,—,O,O,C2,C3,C2,C2,C2,C2,C4,C4,C5,C11,C6,C11,C11,C11,C11,C5,C5,C12,C19,C13,C13,C13,C6,C7,C8,C9,C10,C10,C10,?,C1,C11,C16,C16,C17,?,C14,C15,C20
06,C1,C1,C1,C1,O,—,C5,C2,C3,C2,C2,C2,C2,C4,C4,C5,C11,C6,C11,C11,C11,C11,C5,C5,C12,C19,C13,C13,C13,C6,C7,C8,C9,C10,C10,C10,?,C1,C11,C16,C16,C17,C18,C14,C15,C20
07,C1,C1,C1,C1,O,C5,—,O,C3,C2,C2,C2,C2,C4,C4,C5,C11,C6,C11,C11,C11,C11,C5,C5,C12,C19,C13,C13,C13,C6,C7,C8,C9,C10,C10,C10,?,C1,C11,C16,C16,C17,C18,C14,C15,C20
08,C2,C2,O,C2,C2,C2,O,—,O,C2,C2,C2,C2,C4,C4,C2,C2,C2,C2,C2,C2,C2,C2,C2,C12,C19,C13,C13,C13,C2,C2,C2,C2,C2,C2,C2,C2,C2,C2,C2,C2,C2,C2,C2,C2,C20
09,C3,C3,C3,C3,C3,C3,C3,O,—,C3,C3,C3,C3,C3,C3,C3,C3,C3,C3,C3,C3,C3,C3,C3,C12,C19,C13,C13,C13,C3,C3,C3,C3,C3,C3,C3,C3,C3,C3,C3,C3,C3,C3,C3,C3,C20
10,C2,C2,C2,C2,C2,C2,C2,C2,C3,—,X1,C2,X1,C4,C4,C2,C2,C2,C2,C2,C2,C2,C2,C2,C12,C19,C13,C13,C13,C2,C2,C2,C2,C2,C2,C2,C2,C2,C2,C2,C2,C2,C2,C2,C2,C20
11,C2,C2,C2,C2,C2,C2,C2,C2,C3,X1,—,C2,X1,C4,C4,C2,C2,C2,C2,C2,C2,C2,C2,C2,C12,C19,C13,C13,C13,C2,C2,C2,C2,C2,C2,C2,C2,C2,C2,C2,C2,C2,C2,C2,C2,C20
12,C2,C2,C2,C2,C2,C2,C2,C2,C3,C2,C2,—,C2,C4,C4,C2,C2,C2,C2,C2,C2,C2,C2,C2,C12,C19,C13,C13,C13,C2,C2,C2,C2,C2,C2,C2,C2,C2,C2,C2,C2,C2,C2,C2,C2,C20
13,C2,C2,C2,C2,C2,C2,C2,C2,C3,X1,X1,C2,—,C4,C4,C2,C2,C2,C2,C2,C2,C2,C2,C2,C12,C19,C13,C13,C13,C2,C2,C2,C2,C2,C2,C2,C2,C2,C2,C2,C2,C2,C2,C2,C2,C20
14,C4,C4,C4,C4,C4,C4,C4,C4,C3,C4,C4,C4,C4,—,O,C4,C4,C4,C4,C4,C4,C4,C4,C4,C12,C19,C13,C13,C13,C4,C4,C4,C4,C4,C4,C4,C4,C4,C4,C4,C4,C4,C4,C4,C4,C20
15,C4,C4,C4,C4,C4,C4,C4,C4,C3,C4,C4,C4,C4,O,—,C4,C4,C4,C4,C4,C4,C4,C4,C4,C12,C19,C13,C13,C13,C4,C4,C4,C4,C4,C4,C4,C4,C4,C4,C4,C4,C4,C4,C4,C4,C20
16,C5,C5,C5,C5,C5,C5,C5,C2,C3,C2,C2,C2,C2,C4,C4,—,C5,C5,C5,C5,C5,C5,C5,C5,C12,C19,C13,C13,C13,C5,C5,C5,C5,C5,C5,C5,C5,C5,C5,C5,C5,C5,C5,C5,C5,C20
17,C11,C11,C11,C11,C11,C11,C11,C2,C3,C2,C2,C2,C2,C4,C4,C5,—,C6,C11,C11,C11,C11,C5,?,C12,C19,C13,C13,C13,C6,?,C8,C9,C10,C10,C10,C10,C1,C11,C16,C16,C17,C18,C14,C15,C20
18,C6,C6,C6,C6,C6,C6,C6,C2,C3,C2,C2,C2,C2,C4,C4,C5,C6,—,C11,C11,C11,C11,C5,?,C12,C19,C13,C13,C13,C6,C7,C8,C9,C10,C10,C10,C10,C1,C11,C16,C16,C17,C18,C14,C15,C20
19,C11,C11,C11,C11,C11,C11,C11,C2,C3,C2,C2,C2,C2,C4,C4,C5,C11,C11,—,?,C11,C11,C5,?,C12,C19,C13,C13,C13,?,?,?,C9,C10,?,?,?,C1,C11,C16,C16,C17,?,C14,?,C20
20,C11,C11,C11,C11,C11,C11,C11,C2,C3,C2,C2,C2,C2,C4,C4,C5,C11,C11,?,—,C11,C11,C5,?,C12,C19,C13,C13,C13,C6,?,?,C9,?,?,?,?,C1,C11,C16,C16,C17,C18,C14,?,C20
21,C11,C11,C11,C11,C11,C11,C11,C2,C3,C2,C2,C2,C2,C4,C4,C5,C11,C11,C11,C11,—,C11,C5,C5,C12,C19,C13,C13,C13,C6,C7,?,C9,?,?,?,?,C1,C11,C16,C16,C17,C18,C14,?,C20
22,C11,C11,C11,C11,C11,C11,C11,C2,C3,C2,C2,C2,C2,C4,C4,C5,C11,C11,C11,C11,C11,—,C5,?,C12,C19,C13,C13,C13,?,?,C8,C9,C10,C10,C10,C10,C1,C11,C16,C16,C17,?,C14,C15,C20
23,C5,C5,C5,C5,C5,C5,C5,C2,C3,C2,C2,C2,C2,C4,C4,C5,C5,C5,C5,C5,C5,C5,—,C5,C12,C19,C13,C13,C13,C5,C5,C5,C5,C5,C5,C5,C5,C5,C5,C5,C5,C5,C5,C5,C5,C20
24,C5,C5,C5,C5,C5,C5,C5,C2,C3,C2,C2,C2,C2,C4,C4,C5,?,?,?,?,C5,?,C5,—,C12,C19,C13,C13,C13,C5,?,?,?,?,?,?,?,?,?,C16,C16,C5,C5,C14,C15,C20
25,C12,C12,C12,C12,C12,C12,C12,C12,C12,C12,C12,C12,C12,C12,C12,C12,C12,C12,C12,C12,C12,C12,C12,C12,—,C19,C12,C12,C12,C12,C12,C12,C12,C12,C12,C12,C12,C12,C12,C12,C12,C12,C12,C12,C12,C20
26,C19,C19,C19,C19,C19,C19,C19,C19,C19,C19,C19,C19,C19,C19,C19,C19,C19,C19,C19,C19,C19,C19,C19,C19,C19,—,C19,C19,C19,C19,C19,C19,C19,C19,C19,C19,C19,C19,C19,C19,C19,C19,C19,C19,C19,C20
27,C13,C13,C13,C13,C13,C13,C13,C13,C13,C13,C13,C13,C13,C13,C13,C13,C13,C13,C13,C13,C13,C13,C13,C13,C12,C19,—,C13,C13,C13,C13,C13,C13,C13,C13,C13,C13,C13,C13,C13,C13,C13,C13,C13,C13,C20
28,C13,C13,C13,C13,C13,C13,C13,C13,C13,C13,C13,C13,C13,C13,C13,C13,C13,C13,C13,C13,C13,C13,C13,C13,C12,C19,C13,—,C13,C13,C13,C13,C13,C13,C13,C13,C13,C13,C13,C13,C13,C13,C13,C13,C13,C20
29,C13,C13,C13,C13,C13,C13,C13,C13,C13,C13,C13,C13,C13,C13,C13,C13,C13,C13,C13,C13,C13,C13,C13,C13,C12,C19,C13,C13,—,C13,C13,C13,C13,C13,C13,C13,C13,C13,C13,C13,C13,C13,C13,C13,C13,C20
30,C6,C6,C6,C6,C6,C6,C6,C2,C3,C2,C2,C2,C2,C4,C4,C5,C6,C6,?,C6,C6,?,C5,C5,C12,C19,C13,C13,C13,—,C7,C8,C9,C10,C10,C10,?,C1,C11,C16,C16,C17,C18,C14,C15,C20
31,C7,C7,C7,C7,C7,C7,C7,C2,C3,C2,C2,C2,C2,C4,C4,C5,?,C7,?,?,C7,?,C5,?,C12,C19,C13,C13,C13,C7,—,C8,C7,C10,?,?,?,C7,C7,C16,C16,C17,C18,C14,C15,C20
32,C8,C8,C8,C8,C8,C8,C8,C2,C3,C2,C2,C2,C2,C4,C4,C5,C8,C8,?,?,?,C8,C5,?,C12,C19,C13,C13,C13,C8,C8,—,C8,C8,?,?,?,C8,?,C16,C16,C17,?,C14,C15,C20
33,C9,C9,C9,C9,C9,C9,C9,C2,C3,C2,C2,C2,C2,C4,C4,C5,C9,C9,C9,C9,C9,C9,C5,?,C12,C19,C13,C13,C13,C9,C7,C8,—,C9,C10,C10,?,C9,C9,C16,C16,C17,?,C14,C15,C20
34,C10,C10,C10,C10,C10,C10,C10,C2,C3,C2,C2,C2,C2,C4,C4,C5,C10,C10,C10,?,?,C10,C5,?,C12,C19,C13,C13,C13,C10,C10,C8,C9,—,?,?,C10,?,?,C16,C16,C17,?,C14,C15,C20
35,C10,C10,C10,C10,C10,C10,C10,C2,C3,C2,C2,C2,C2,C4,C4,C5,C10,C10,?,?,?,C10,C5,?,C12,C19,C13,C13,C13,C10,?,?,C10,?,—,C10,?,C10,?,C16,C16,C17,?,C14,C15,C20
36,C10,C10,C10,C10,C10,C10,C10,C2,C3,C2,C2,C2,C2,C4,C4,C5,C10,C10,?,?,?,C10,C5,?,C12,C19,C13,C13,C13,C10,?,?,C10,?,C10,—,?,C1,?,C16,C16,C17,?,C14,C15,C20
37,C10,C10,?,?,?,?,?,C2,C3,C2,C2,C2,C2,C4,C4,C5,C10,C10,?,?,?,C10,C5,?,C12,C19,C13,C13,C13,?,?,?,?,C10,?,?,—,C10,?,C16,C16,C17,?,?,?,C20
38,C1,C1,C1,C1,C1,C1,C1,C2,C3,C2,C2,C2,C2,C4,C4,C5,C1,C1,C1,C1,C1,C1,C5,?,C12,C19,C13,C13,C13,C1,C7,C8,C9,?,C10,C1,C10,—,C11,C16,C16,C17,?,C14,C15,C20
39,C11,C11,C11,C11,C11,C11,C11,C2,C3,C2,C2,C2,C2,C4,C4,C5,C11,C11,C11,C11,C11,C11,C5,?,C12,C19,C13,C13,C13,C11,C7,?,C9,?,?,?,?,C11,—,C16,C16,C17,?,C14,C15,C20
40,C16,C16,C16,C16,C16,C16,C16,C2,C3,C2,C2,C2,C2,C4,C4,C5,C16,C16,C16,C16,C16,C16,C5,C16,C12,C19,C13,C13,C13,C16,C16,C16,C16,C16,C16,C16,C16,C16,C16,—,C16,C16,C16,C16,C16,C20
41,C16,C16,C16,C16,C16,C16,C16,C2,C3,C2,C2,C2,C2,C4,C4,C5,C16,C16,C16,C16,C16,C16,C5,C16,C12,C19,C13,C13,C13,C16,C16,C16,C16,C16,C16,C16,C16,C16,C16,C16,—,C16,C16,C16,C16,C20
42,C17,C17,C17,C17,C17,C17,C17,C2,C3,C2,C2,C2,C2,C4,C4,C5,C17,C17,C17,C17,C17,C17,C5,C5,C12,C19,C13,C13,C13,C17,C17,C17,C17,C17,C17,C17,C17,C17,C17,C16,C16,—,C17,C14,C15,C20
43,?,C18,?,?,?,C18,C18,C2,C3,C2,C2,C2,C2,C4,C4,C5,C18,C18,?,C18,C18,?,C5,C5,C12,C19,C13,C13,C13,C18,C18,?,?,?,?,?,?,?,?,C16,C16,C17,—,C14,C15,C20
44,C14,C14,C14,C14,C14,C14,C14,C2,C3,C2,C2,C2,C2,C4,C4,C5,C14,C14,C14,C14,C14,C14,C5,C14,C12,C19,C13,C13,C13,C14,C14,C14,C14,C14,C14,C14,?,C14,C14,C16,C16,C14,C14,—,C15,C20
45,C15,C15,C15,C15,C15,C15,C15,C2,C3,C2,C2,C2,C2,C4,C4,C5,C15,C15,?,?,?,C15,C5,C15,C12,C19,C13,C13,C13,C15,C15,C15,C15,C15,C15,C15,?,C15,C15,C16,C16,C15,C15,C15,—,C20
46,C20,C20,C20,C20,C20,C20,C20,C20,C20,C20,C20,C20,C20,C20,C20,C20,C20,C20,C20,C20,C20,C20,C20,C20,C20,C20,C20,C20,C20,C20,C20,C20,C20,C20,C20,C20,C20,C20,C20,C20,C20,C20,C20,C20,C20,—
